payer_code,name,classification
COVID-19,COVID-19,Insurance
DHA,DUBAI HEALTH AUTHORITY,Insurance
INS001,DUBAI GOVERNMENT - PROGRAM 1  (ENAYA),Insurance
INS002,DUBAI GOVERNMENT - PROGRAM 2 (ENAYA 2022),Insurance
INS003,DUBAI GOVERNMENT - PROGRAM 3,Insurance
INS004,DUBAI GOVERNMENT - PROGRAM 4,Insurance
INS005,DUBAI INSURANCE COMPANY,Insurance
INS006,DUBAI ISLAMIC INSURANCE & REINSURANCE CO (AMAN),Insurance
INS007,DUBAI NATIONAL INSURANCE AND REINSURANCE CO,Insurance
INS008,ORIENT INSURANCE P.J.S.C,Insurance
INS009,HAYAH INSURANCE COMPANY P.J.S.C,Insurance
INS010,GULF INSURANCE GROUP (GULF) B S C CLOSED DUBAI BRANCH,Insurance
INS011,AL SAGR NATIONAL INSURANCE COMPANY,Insurance
INS012,OMAN INSURANCE COMPANY,Insurance
INS013,AMERICAN LIFE INSURANCE COMPANY,Insurance
INS014,RAS AL KHAIMAH NATIONAL INSURANCE COMPANY,Insurance
INS015,SAUDI ARABIAN INSURANCE COMPANY,Insurance
INS016,ARABIAN SCANDINAVIAN INSURANCE COMPANY,Insurance
INS017,ABU DHABI NATIONAL INSURANCE COMPANY,Insurance
INS018,WATANIA TAKAFUL FAMILY (PJSC),Insurance
INS019,QATAR INSURANCE COMPANY,Insurance
INS020,AL-BUHAIRA NATIONAL INSURANCE COMPANY,Insurance
INS021,SHARJAH INSURANCE COMPANY,Insurance
INS022,TAKAFUL EMARAT - INSURANCE,Insurance
INS023,AL WATHBA NATIONAL INSURANCE COMPANY,Insurance
INS024,AL-ITTIHAD ALWATANI GENERAL INSURANCE COMPANY,Insurance
INS025,ALLIANCE INSURANCE COMPANY,Insurance
INS026,THE NATIONAL INSURANCE COMPANY - DAMAN,Insurance
INS027,ABU DHABI NATIONAL TAKAFUL COMPANY-TAKAFUL,Insurance
INS028,AL AIN AHLIA INSURANCE COMPANY,Insurance
INS029,AL DHAFRA INSURANCE COMPANY,Insurance
INS030,AL FUJAIRAH NATIONAL INSURANCE COMPANY,Insurance
INS031,YAS TAKAFUL P.J.S.C,Insurance
INS032,AL KHAZNA INSURANCE COMPANY,Insurance
INS033,EMIRATES INSURANCE COMPANY,Insurance
INS034,INSURANCE HOUSE - PSC,Insurance
INS035,ISLAMIC ARAB INSURANCE COMPANY (SALAMA),Insurance
INS037,METHAQ TAKAFUL INSURANCE,Insurance
INS038,NATIONAL GENERAL INSURANCE COMPANY,Insurance
INS039,LIVA INSURANCE B.S.C. CLOSED - DUBAI BRANCH,Insurance
INS040,UNION INSURANCE COMPANY,Insurance
INS041,UNITED FIDELITY INSURANCE COMPANY - DUBAI BRANCH,Insurance
INS042,ARABIA INSURANCE COMPANY,Insurance
INS043,IRAN INSURANCE COMPANY,Insurance
INS044,LIVA INSURANCE BSC (PREVIOUSLY NATIONAL LIFE AND GENERAL INSURANCE COMPANY SAOG) ,Insurance
INS046,THE NEW INDIA ASSURANCE COMPANY LIMITED,Insurance
INS047,ADAMJEE INSURANCE CO. LTD.,Insurance
INS053,ARAB ORIENT INSURANCE COMPANY WORLDWIDE,Insurance
INS059,GATEWAY INTERNATIONAL ASSURANCE (ARABIA),Insurance
INS078,ABU DHABI MINISTRY OF FINANCE,Insurance
INS079,NATIONAL TAKAFUL COMPANY - WATANIA,Insurance
INS080,EMIRATES GROUP,Insurance
INS081,EXPAT SERVICES,Insurance
INS082,JORDAN INSURANCE COMPANY LTD,Insurance
INS083,DAR AL TAKAFUL (P J S C),Insurance
INS084,TOKIO MARINE & NICHIDO FIRE INSURANCE COMPANY LIMITED (DUBAI BR),Insurance
INS113,DUBAI NATIONAL INSURANCE COMPANY,Insurance
INS128,THE ORIENTAL INSURANCE COMPANY LTD.  (DUBAI BRANCH),Insurance
INS129,SAADA,Insurance
INS134,MEDGULF - THE MEDITERRANEAN & GULF INSURANCE & REINSURANCE CO. B.S.C. (C) (DUBAI BRANCH),Insurance
INS135,AMERICAN HOME ASSURANCE COMPANY (DUBAI BR),Insurance
INS136,(REAAYA) DUBAI POLICE,Insurance
INS137,CIGNA INSURANCE MIDDLE EAST (S.A.L) - DUBAI BRANCH,Insurance
INS139,ORIENT TAKAFUL P.J.S.C.,Insurance
INS141,BASMA PATIENT SUPPORT PROGRAM,Insurance
INS142,HEPATITIS,Insurance
INS143,DHA DIALYSIS,Insurance
INS144,HEPATITIS C,Insurance
INS145,STATE LIFE INSURANCE CORPORATION OF PAKISTAN (DUBAI BR),Insurance
RCOVID-19,RCOVID19,TPA
SELFPAY,SELF PAYING CUSTOMER,Insurance
TPA001,NEURON LLC,TPA
TPA002,NEXTCARE CLAIMS MANAGEMENT LLC,TPA
TPA003,ALMADALLAH HEALTHCARE MANAGEMENT FZ-LLC,TPA
TPA004,NAS ADMINISTRATION SERVICES LIMITED,TPA
TPA005,AETNA GLOBAL BENEFITS (MIDDLE EAST),TPA
TPA006,AMITY HEALTH,TPA
TPA008,INAYAH TPA LLC,TPA
TPA009,MEDNET UAE,TPA
TPA010,FMC NETWORK UAE MANAGEMENT CONSULTANCY,TPA
TPA011,GLOBEMED GULF,TPA
TPA012,M S H INTERNATIONAL ADMINISTRATIVE CONSULTANCY,TPA
TPA013,PENTA CARE MEDICAL SERVICES LLC,TPA
TPA014,WAPMED TPA SERVICES LLC,TPA
TPA016,MSH INTERNATIONAL LLC,TPA
TPA017,NOW HEALTH INTERNATIONAL LIMITED,TPA
TPA021,VIDAL MEDICAL SERVICES LLC,TPA
TPA022,MUSALLA NET TPA LLC,TPA
TPA023,THIQA,TPA
TPA025,FORTUNE HEALTHCARE L.L.C,TPA
TPA026,AAFIYA MEDICAL BILLING SERVICES L.L.C,TPA
TPA027,STARWELL NETWORK MANAGEMENT LLC,TPA
TPA029,E CARE INTERNATIONAL MEDICAL BILLING SERVICES CO. LLC,TPA
TPA030,IRIS HEALTH SERVICES L.L.C.,TPA
TPA032,WHEALTH INTERNATIONAL LLC,TPA
TPA033,VIDAL HEALTH TPA SERVICES AE LLC,TPA
TPA036,MEDNET GLOBAL HEALTHCARE SOLUTIONS L.L.C.,TPA
TPA037,KHAT AL HAYA MANAGEMENT OF HEALTH INSURANCE CLAIMS LLC,TPA
TPA038,ENET TPA L.L.C,TPA
TPA039,STARZ HEALTH INSURANCE CLAIMS MANAGEMENT LLC,TPA
TPA040,ASPIRE SOLUTION OPERATIONS HEALTH INSURANCE CLAIMS MANAGEMENT LLC,TPA
